fps,dim,staleness,rmse_kf,rmse_held,n_samples
1,x,0,0.02633923315738808,0.04185616965371781,300
1,vx,0,0.037427801011003146,0.04045592934221387,300
1,y,0,0.026384735355285484,0.03710463571967458,300
1,vy,0,0.03589634496605612,0.041117774630965345,300
1,angle,0,0.03070840740098255,0.041908413966265344,300
1,angular_velocity,0,0.04205198117376975,0.04501072970463158,300
1,x,1,0.031569931339842046,0.051223385260152264,196
1,vx,1,0.06713929305248671,0.07408230586013333,196
1,y,1,0.029158513400355586,0.048102748711008475,196
1,vy,1,0.2574327953445616,0.25670053723747205,196
1,angle,1,0.038547679037359915,0.08067818332341892,196
1,angular_velocity,1,0.4626328802285727,0.46432342006666383,196
1,x,2,0.03156136378502808,0.05192946673909171,192
1,vx,2,0.09868508020059283,0.12022779763048973,192
1,y,2,0.02937319675306254,0.061178718206943816,192
1,vy,2,0.3137392363983433,0.30646643056194167,192
1,angle,2,0.038061652457165175,0.1303512000032241,192
1,angular_velocity,2,0.6805600838090115,0.6836195175490962,192
1,x,3,0.03118086710641385,0.052763559249744595,186
1,vx,3,0.10272985564537762,0.13051476969166007,186
1,y,3,0.028380144932605822,0.08003503212150591,186
1,vy,3,0.2060659211509273,0.21507169933776882,186
1,angle,3,0.03814928935155061,0.18194463247972004,186
1,angular_velocity,3,0.1934594358607448,0.21280060296565567,186
1,x,4,0.031015038961226545,0.053661051062667255,184
1,vx,4,0.07803737459882251,0.11099558697105551,184
1,y,4,0.028066187947570938,0.10022088092025239,184
1,vy,4,0.2969326379853486,0.29128923032225496,184
1,angle,4,0.04067154447089706,0.23887030090370748,184
1,angular_velocity,4,0.8267156196739791,0.8351670366986225,184
1,x,5,0.030588749987222184,0.05509146789613734,179
1,vx,5,0.058854413579748695,0.11539186493441893,179
1,y,5,0.02823624507070054,0.1206522148206823,179
1,vy,5,0.12942505004182706,0.22833769984659094,179
1,angle,5,0.03899729053296111,0.2805895793059652,179
1,angular_velocity,5,0.08406208341006495,0.16867664578629551,179
1,x,6,0.030557821415693742,0.05649810642290018,178
1,vx,6,0.06103432123149976,0.12909859471871762,178
1,y,6,0.02740125773108683,0.14459586915735043,178
1,vy,6,0.05427060664388773,0.22674909967881668,178
1,angle,6,0.04040819117183508,0.3349167787978111,178
1,angular_velocity,6,0.09668203490888246,0.19975958219794349,178
1,x,7,0.030527704039071867,0.05803513664601871,178
1,vx,7,0.09877015747789482,0.1375249922827883,178
1,y,7,0.02882908322900485,0.16805973123432577,178
1,vy,7,0.32726594492724675,0.37430078983925175,178
1,angle,7,0.04992906482248867,0.39122257308999187,178
1,angular_velocity,7,0.9387400617631001,0.9614328989687488,178
1,x,8,0.02899722709928732,0.059471794192491746,171
1,vx,8,0.0681741672066777,0.1421405190989249,171
1,y,8,0.027313729379168965,0.187887578199241,171
1,vy,8,0.21677676698131154,0.32665293182607,171
1,angle,8,0.05084261565656909,0.4265096758675281,171
1,angular_velocity,8,0.7011627653528457,0.7419882718587517,171
1,x,9,0.02848463334430894,0.0611100418760827,169
1,vx,9,0.07692157653303054,0.15438459575244576,169
1,y,9,0.029915305738774045,0.20844771916536367,169
1,vy,9,0.40494612691160375,0.4142771212974229,169
1,angle,9,0.0545522603713174,0.4697620125911211,169
1,angular_velocity,9,1.1973211838444626,1.229733873075897,169
1,x,10,0.028207774810192397,0.06408261726381,162
1,vx,10,0.12246644728226307,0.17783727898163718,162
1,y,10,0.028637732050592227,0.2224514545061175,162
1,vy,10,0.45873773913411403,0.45453450260779316,162
1,angle,10,0.05824892643751932,0.48429463003540696,162
1,angular_velocity,10,1.0298250762031371,1.0760142275920503,162
1,x,11,0.02720583624535821,0.06659623976558326,154
1,vx,11,0.0723047023666847,0.14571361118982523,154
1,y,11,0.027700973431993507,0.23080086191501883,154
1,vy,11,0.062444551055808574,0.35937302241150704,154
1,angle,11,0.05307097731069983,0.4958149854395705,154
1,angular_velocity,11,0.1690121415897118,0.394957906794894,154
1,x,12,0.027231968949879795,0.06903922647290575,154
1,vx,12,0.18331498212157443,0.19188641899437311,154
1,y,12,0.028611286717038956,0.25303870591499666,154
1,vy,12,0.33494480032234886,0.4056749179124777,154
1,angle,12,0.0686266721386679,0.5376365480971259,154
1,angular_velocity,12,1.0043432904779952,1.0777121379367236,154
1,x,13,0.02659768185795448,0.07159632027047381,149
1,vx,13,0.0763135533243931,0.14546336008645858,149
1,y,13,0.02909888705788337,0.2614681971804818,149
1,vy,13,0.12306200109806383,0.42033197384955,149
1,angle,13,0.06695506634194921,0.5413501556061541,149
1,angular_velocity,13,0.1949838410216951,0.4736115562346642,149
1,x,14,0.026661822679601235,0.07444515871096515,148
1,vx,14,0.11291304911461664,0.16812043119416464,148
1,y,14,0.03057233768940648,0.2806000296877091,148
1,vy,14,0.4202417536389779,0.45898396954261994,148
1,angle,14,0.08003556864053407,0.5755095723109489,148
1,angular_velocity,14,0.8156650947675717,0.9225905325712597,148
1,x,15,0.026396575573605568,0.07774914184588308,142
1,vx,15,0.07918200857249669,0.1632065960912594,142
1,y,15,0.03100604629625011,0.28633962566869026,142
1,vy,15,0.2160968249212119,0.4537079998770334,142
1,angle,15,0.06723533062942799,0.5647811883900759,142
1,angular_velocity,15,0.36038629463842825,0.6037720155939708,142
1,x,16,0.02602753799688616,0.08077102855758903,140
1,vx,16,0.10958624179720924,0.18916835563322906,140
1,y,16,0.03207096238497742,0.3013090859597918,140
1,vy,16,0.15928581836301836,0.45272030141702535,140
1,angle,16,0.07930507437297905,0.5784439079125805,140
1,angular_velocity,16,0.7157437267039651,0.8828697428282966,140
1,x,17,0.0258424955405025,0.083790166918655,139
1,vx,17,0.08559534908918881,0.1789125997749434,139
1,y,17,0.033302672734493735,0.3173904231933513,139
1,vy,17,0.2342522920608797,0.4881861055092236,139
1,angle,17,0.08106165869379887,0.6035021359797378,139
1,angular_velocity,17,0.2770224633243105,0.6187847126319558,139
1,x,18,0.025661614726718643,0.0868663182377579,138
1,vx,18,0.08497686146393917,0.18625318882634187,138
1,y,18,0.03285648989096063,0.3349760536073493,138
1,vy,18,0.23260599475124727,0.5053725250007368,138
1,angle,18,0.08750740643425191,0.623664874732868,138
1,angular_velocity,18,0.2935168921672648,0.6568500848264877,138
1,x,19,0.026049196825669953,0.09009987955035104,137
1,vx,19,0.13352008763900153,0.22013771300430754,137
1,y,19,0.03332213708282457,0.3485925107554387,137
1,vy,19,0.24286499441100448,0.5202607213489392,137
1,angle,19,0.09586120540389494,0.6324864665500873,137
1,angular_velocity,19,0.3079152015124632,0.7084209973018728,137
1,x,20,0.025278754925717163,0.0934580570374888,135
1,vx,20,0.11850831397135812,0.22491888024572687,135
1,y,20,0.0346163332697542,0.35881387850011426,135
1,vy,20,0.16846275506173145,0.5429805729719203,135
1,angle,20,0.10555715749633648,0.6364183260066874,135
1,angular_velocity,20,0.26704380591030225,0.6974880812798507,135
1,x,21,0.025686554121237767,0.09635862082085855,134
1,vx,21,0.09370910126756694,0.2136269078360038,134
1,y,21,0.03594758799899055,0.3761197326285582,134
1,vy,21,0.1187634797255075,0.5636354361243133,134
1,angle,21,0.11744733435253374,0.6552012148219537,134
1,angular_velocity,21,0.5642544921779228,0.8324828331724391,134
1,x,22,0.026203965840835668,0.09976695656714446,133
1,vx,22,0.08915306593305217,0.22205824311162817,133
1,y,22,0.03721601043009506,0.39414230082099094,133
1,vy,22,0.06851830637275592,0.5924067480287523,133
1,angle,22,0.12641856709224866,0.6696230782287494,133
1,angular_velocity,22,0.28271457039359327,0.7712663307390046,133
1,x,23,0.02674492021485784,0.10284012240155437,133
1,vx,23,0.092785687564162,0.22589669888531022,133
1,y,23,0.03783796946144891,0.41542506461443596,133
1,vy,23,0.18062557094859877,0.6377704639698348,133
1,angle,23,0.13888826008523214,0.6983742598999565,133
1,angular_velocity,23,0.5565960244840584,0.978121853168513,133
1,x,24,0.02650207735948139,0.10688800573464768,130
1,vx,24,0.0943586433707864,0.2389105855631122,130
1,y,24,0.03871261176950475,0.42854368461590275,130
1,vy,24,0.07233427218384594,0.6517325845659084,130
1,angle,24,0.15085916504145647,0.7297874509920763,130
1,angular_velocity,24,0.3114608624651026,0.8452597433412331,130
1,x,25,0.027058458760874298,0.10995665949810027,130
1,vx,25,0.10393329880767326,0.24003318724667352,130
1,y,25,0.040296982598457834,0.45074923869367484,130
1,vy,25,0.21114562599980263,0.6994186703245638,130
1,angle,25,0.16413051828872613,0.7604816200537684,130
1,angular_velocity,25,0.732598301155066,1.121193362135255,130
1,x,26,0.026872992769867016,0.11164024139613607,127
1,vx,26,0.09981093612278846,0.24472545615570296,127
1,y,26,0.040523716455059894,0.46552599154212654,127
1,vy,26,0.2850317325229065,0.7197975946850079,127
1,angle,26,0.18129694336407048,0.7758940498699826,127
1,angular_velocity,26,0.6422567730790064,1.0469686697247667,127
1,x,27,0.027194449115916706,0.11568496798843661,124
1,vx,27,0.0931021613896398,0.25399180844014585,124
1,y,27,0.041659293509794824,0.4742556106146702,124
1,vy,27,0.074304181248573,0.7378531457550294,124
1,angle,27,0.1927632051049674,0.7896973033514497,124
1,angular_velocity,27,0.3512105220777785,0.948873073054915,124
1,x,28,0.027738255137063392,0.11861778694152754,124
1,vx,28,0.09571280977252215,0.26248462313825616,124
1,y,28,0.04297412872806737,0.4979959981474362,124
1,vy,28,0.07385786806013932,0.7665893832348909,124
1,angle,28,0.20805320467429766,0.827314635461156,124
1,angular_velocity,28,0.37100901678729314,0.9817144436472768,124
1,x,29,0.02836906436805645,0.12161462673259713,124
1,vx,29,0.10934519044855018,0.2676590514682799,124
1,y,29,0.04432334519399947,0.521256835521169,124
1,vy,29,0.20396905918318195,0.7934307651912782,124
1,angle,29,0.2303381578567117,0.8585092329108782,124
1,angular_velocity,29,0.9844326108501574,1.3025192518026842,124
1,x,30,0.02927060805622117,0.1254238833286673,122
1,vx,30,0.17610208703058644,0.3132686907736489,122
1,y,30,0.045594472925072634,0.5351660475814952,122
1,vy,30,0.2958875939074509,0.8295755628639976,122
1,angle,30,0.24391080775757676,0.899429391852292,122
1,angular_velocity,30,0.8406173501083144,1.2086423576174954,122
1,x,31,0.028978064534872634,0.1280614804739962,118
1,vx,31,0.11880005487542812,0.2918238357830061,118
1,y,31,0.047224593788487076,0.534729132840158,118
1,vy,31,0.2920674375420584,0.8606971497342273,118
1,angle,31,0.2572170101080386,0.9195978797073304,118
1,angular_velocity,31,0.6359082728641793,1.2211233296250334,118
1,x,32,0.02907956842455077,0.13088340213499952,115
1,vx,32,0.1078278350592562,0.29457753771552747,115
1,y,32,0.04880277947237952,0.5374774915136022,115
1,vy,32,0.21180393508297124,0.886828793535388,115
1,angle,32,0.2733605506509415,0.9351899514399004,115
1,angular_velocity,32,0.7156965783556553,1.3508143081056185,115
1,x,33,0.028939740319319316,0.13339746599669144,113
1,vx,33,0.12794931660150613,0.30223923327851165,113
1,y,33,0.0505475659179096,0.5519758476267717,113
1,vy,33,0.23097740959533947,0.9143934732599592,113
1,angle,33,0.29134215736986135,0.9568894454027321,113
1,angular_velocity,33,0.6479798944717753,1.3459713024344746,113
1,x,34,0.029905202816129236,0.13696283443397472,112
1,vx,34,0.14963736140848433,0.32622728707109633,112
1,y,34,0.05079570785334467,0.568997283568166,112
1,vy,34,0.2169751124491611,0.9433380139614727,112
1,angle,34,0.30677726670154376,0.9848927689974275,112
1,angular_velocity,34,0.8571797842641473,1.5056906392561167,112
1,x,35,0.028755061253197788,0.14059010775766898,110
1,vx,35,0.1417650866861103,0.31801169491215664,110
1,y,35,0.05133832837316164,0.5830554045818379,110
1,vy,35,0.2914086292749533,0.9741529794559028,110
1,angle,35,0.32439316938125956,1.0099380356744987,110
1,angular_velocity,35,0.7020631546573646,1.4648189940967893,110
1,x,36,0.02918814292462298,0.14458627946896305,108
1,vx,36,0.13056647801324472,0.32037030496377605,108
1,y,36,0.05270986667102451,0.5907731488480245,108
1,vy,36,0.2533746639671567,1.0045009461096206,108
1,angle,36,0.3456784499423086,1.0386235787388842,108
1,angular_velocity,36,0.6968563935955447,1.4630322422766864,108
1,x,37,0.028736050929912067,0.14820369105744577,106
1,vx,37,0.11174789022342912,0.32354659940838343,106
1,y,37,0.054252339790535446,0.6000340772617757,106
1,vy,37,0.11726750088879331,1.035837488843549,106
1,angle,37,0.3683885192074691,1.076117892778798,106
1,angular_velocity,37,0.6933806612025519,1.4709199653096308,106
1,x,38,0.02968444746376853,0.15123627774887033,106
1,vx,38,0.11427748652108792,0.3299873721642043,106
1,y,38,0.05621625702112829,0.6252333658899546,106
1,vy,38,0.2375134738398836,1.0713245498448882,106
1,angle,38,0.3906165638117611,1.1349387532711528,106
1,angular_velocity,38,0.5239416512501461,1.372786605768614,106
1,x,39,0.030788397086624616,0.15476176258380706,105
1,vx,39,0.11500059946258717,0.3363816683955522,105
1,y,39,0.05766672213195074,0.642861897245974,105
1,vy,39,0.08638452223558195,1.1003171739915152,105
1,angle,39,0.41568556103395166,1.191722652222786,105
1,angular_velocity,39,0.526393025278254,1.378284140220849,105
1,x,40,0.0317652375376383,0.15778870530412734,105
1,vx,40,0.11773416144363888,0.3435446902721923,105
1,y,40,0.05932675551888378,0.6698982756482235,105
1,vy,40,0.08731098090333059,1.1319985185020571,105
1,angle,40,0.43967124323246987,1.2584682354289665,105
1,angular_velocity,40,0.5409228986819168,1.4181849949707988,105
1,x,41,0.032727027661995166,0.16083108964228407,105
1,vx,41,0.12183214186555369,0.35224775613877013,105
1,y,41,0.06092271118887757,0.6973099493667584,105
1,vy,41,0.1390904768806129,1.158973783453258,105
1,angle,41,0.46445134652789133,1.3278014420664017,105
1,angular_velocity,41,0.8528404624830187,1.5961491514978505,105
1,x,42,0.033329800585215126,0.16456497945010937,104
1,vx,42,0.11850618671221594,0.35678847982109874,104
1,y,42,0.06215918612959346,0.7161810396464072,104
1,vy,42,0.29419326374207605,1.192042383799137,104
1,angle,42,0.49270444196689683,1.4060258796376472,104
1,angular_velocity,42,0.6299632216952143,1.5250839415071449,104
1,x,43,0.03301525676450676,0.1690598705918671,102
1,vx,43,0.12008122400092601,0.36056492102535587,102
1,y,43,0.06105001694009326,0.7283731864281946,102
1,vy,43,0.0986094149598024,1.2284117483827681,102
1,angle,43,0.5200943084050736,1.4887732956186268,102
1,angular_velocity,43,0.6295628206254302,1.578009573815584,102
1,x,44,0.033921210480862225,0.17213009913699062,102
1,vx,44,0.12287227962962619,0.361199803194954,102
1,y,44,0.06284970023200957,0.7574969224559809,102
1,vy,44,0.09717012720442719,1.260961378255184,102
1,angle,44,0.5476742485636831,1.56553955615854,102
1,angular_velocity,44,0.63673001458471,1.6188392216839327,102
1,x,45,0.03483074492981314,0.17520549918111158,102
1,vx,45,0.12536988521168468,0.36642971365957927,102
1,y,45,0.06470010655098592,0.7872986089028001,102
1,vy,45,0.09803590728662709,1.2907385887461673,102
1,angle,45,0.5757881695781647,1.644421136431012,102
1,angular_velocity,45,0.642368442245451,1.659840535885211,102
1,x,46,0.0357804001078651,0.17830981564662812,102
1,vx,46,0.1310499197322387,0.37094264284262274,102
1,y,46,0.06655438969906917,0.8177703693435492,102
1,vy,46,0.09649880373537861,1.3194708375042483,102
1,angle,46,0.6045104054272173,1.7253850182749755,102
1,angular_velocity,46,0.6497638739495835,1.7005954719063365,102
1,x,47,0.0367406069089444,0.18143244636379977,102
1,vx,47,0.1328496552730347,0.37232736727738147,102
1,y,47,0.06842951304235463,0.8489649438260303,102
1,vy,47,0.09596785791232766,1.349489290342796,102
1,angle,47,0.6336641396811322,1.8084116785012403,102
1,angular_velocity,47,0.6539219487518372,1.7410862612296734,102
1,x,48,0.037719327328051916,0.18459413378717146,102
1,vx,48,0.1328535003961942,0.3682559337447483,102
1,y,48,0.07032436985062651,0.8808079859385948,102
1,vy,48,0.13144410775132034,1.3817346754407016,102
1,angle,48,0.663682937873207,1.8933478561064383,102
1,angular_velocity,48,0.7287169995106271,1.8013339755602729,102
1,x,49,0.03867488650926182,0.17860990376754063,101
1,vx,49,0.13957475268276606,0.2696339106104723,101
1,y,49,0.07186702570333979,0.911504260539057,101
1,vy,49,0.19514699430072063,1.4048079684245462,101
1,angle,49,0.68451826106437,1.9792249952977865,101
1,angular_velocity,49,0.6706845363644102,1.8624555238074945,101
5,x,0,0.014027126684888619,0.0491755812144836,1354
5,vx,0,0.045989730231829166,0.04739995827564267,1354
5,y,0,0.021080309455965684,0.048807884266099485,1354
5,vy,0,0.0443377630651032,0.04665510697583853,1354
5,angle,0,0.04252770300482901,0.048762875320168694,1354
5,angular_velocity,0,0.047044928436549456,0.0478053971377518,1354
5,x,1,0.014593084907097723,0.05106158658551221,1238
5,vx,1,0.05282781435722367,0.05672309590137011,1238
5,y,1,0.02183438624168842,0.0540228861644181,1238
5,vy,1,0.06667432868256519,0.07312807786173607,1238
5,angle,1,0.04126854020337268,0.05518946942805876,1238
5,angular_velocity,1,0.18943858587874238,0.19090301325878867,1238
5,x,2,0.014721179234123888,0.05131509284067583,1225
5,vx,2,0.05682530805339426,0.0669403303868911,1225
5,y,2,0.02206313799751354,0.06140239181909868,1225
5,vy,2,0.09154587614059909,0.10501632260887785,1225
5,angle,2,0.042843393887067475,0.06379541371486265,1225
5,angular_velocity,2,0.27287771038994224,0.27868000764400963,1225
5,x,3,0.01483996206144177,0.05181716947552339,1213
5,vx,3,0.06201422795641899,0.08077353469578753,1213
5,y,3,0.022442491969662123,0.071581244067199,1213
5,vy,3,0.1036262243091011,0.12560734378273658,1213
5,angle,3,0.04557678137106476,0.07385054464603423,1213
5,angular_velocity,3,0.27735196957718106,0.2920979260361221,1213
5,x,4,0.014990998120597484,0.052393950927819864,1207
5,vx,4,0.06276264937634182,0.09105354693399804,1207
5,y,4,0.023059216462345256,0.08323977191374633,1207
5,vy,4,0.09964952133642199,0.1351747346666031,1207
5,angle,4,0.051781549391625756,0.0859106488356027,1207
5,angular_velocity,4,0.3201091910101809,0.34325698763465357,1207
5,x,5,0.015147996806359094,0.053252599286183144,1203
5,vx,5,0.06585919054179856,0.10507105645269087,1203
5,y,5,0.023814470103599845,0.09623408986090631,1203
5,vy,5,0.10863292249053276,0.1558073078180004,1203
5,angle,5,0.06029422434371399,0.10017212390111695,1203
5,angular_velocity,5,0.34860698632554876,0.38034634420324903,1203
5,x,6,0.015245094417317057,0.05416942709721385,1194
5,vx,6,0.06817662413033748,0.11826577601288674,1194
5,y,6,0.02475342440371371,0.10991082161661776,1194
5,vy,6,0.11264288196473353,0.1738488517310475,1194
5,angle,6,0.06964910478159324,0.110403706739655,1194
5,angular_velocity,6,0.3224126487542203,0.3695292810334555,1194
5,x,7,0.015450440293541255,0.05529695553725569,1189
5,vx,7,0.07152519436700544,0.13109516505296098,1189
5,y,7,0.02594432398858123,0.1240160579183837,1189
5,vy,7,0.12424032643145551,0.19731081982200874,1189
5,angle,7,0.0804045210232891,0.12407210783686295,1189
5,angular_velocity,7,0.36693337189734965,0.4195236959552525,1189
5,x,8,0.015704985773554676,0.05681125126107369,1182
5,vx,8,0.07646492560774452,0.14521803933765115,1182
5,y,8,0.02733148286885184,0.13835895089421127,1182
5,vy,8,0.13151740552887933,0.21735732348401346,1182
5,angle,8,0.09196827344901451,0.13951550780784977,1182
5,angular_velocity,8,0.42016661684874196,0.47783783166517074,1182
5,x,9,0.015945962094358092,0.05828134970954368,1170
5,vx,9,0.08164157695033626,0.16060488923572488,1170
5,y,9,0.028882728397559006,0.1532657165046282,1170
5,vy,9,0.15120448895218816,0.244888245307212,1170
5,angle,9,0.1041314388600941,0.15302176335195083,1170
5,angular_velocity,9,0.38729252259268065,0.4558270103354366,1170
10,x,0,0.010394127491612478,0.04953147247124908,4219
10,vx,0,0.04766609661939454,0.04947390303530159,4219
10,y,0,0.01634087462101412,0.04893631210974604,4219
10,vy,0,0.045587951603243505,0.04877401908987814,4219
10,angle,0,0.028166439673395136,0.04980335656431035,4219
10,angular_velocity,0,0.047265304327430716,0.04835080591859915,4219
10,x,1,0.01055741253606804,0.05023452669736531,4101
10,vx,1,0.05040798216106535,0.054827764173706245,4101
10,y,1,0.01674303354738652,0.05065759286452386,4101
10,vy,1,0.0541218171332734,0.060618722162109236,4101
10,angle,1,0.028250317299763433,0.05195686935250818,4101
10,angular_velocity,1,0.10212220484970132,0.10662485079706985,4101
10,x,2,0.010651363495360245,0.050458073686992615,4087
10,vx,2,0.05222159686568626,0.0614276648785457,4087
10,y,2,0.016974054814190984,0.05411791263317355,4087
10,vy,2,0.06482753555684624,0.07688583677812054,4087
10,angle,2,0.029428126096482096,0.055551045053082754,4087
10,angular_velocity,2,0.1599632475517542,0.1683198046524081,4087
10,x,3,0.010765327591973217,0.05072510505962081,4063
10,vx,3,0.05488229344056211,0.06969751365490207,4063
10,y,3,0.017269481638818373,0.059491152042134426,4063
10,vy,3,0.07431617382738734,0.09254681057178653,4063
10,angle,3,0.031998773199363895,0.05995149429147608,4063
10,angular_velocity,3,0.18275540256377246,0.19641725039509805,4063
10,x,4,0.010893503186198578,0.05117684967166992,4044
10,vx,4,0.05676455509728138,0.07808611045574401,4044
10,y,4,0.0176700088798039,0.06641023068823074,4044
10,vy,4,0.08546215387414212,0.10897468508666666,4044
10,angle,4,0.036596098697376914,0.0653755933765723,4044
10,angular_velocity,4,0.215391814786725,0.23257568396345168,4044
25,x,0,0.006730608826670646,0.04941979083020562,15499
25,vx,0,0.04579147599724465,0.04949599105252907,15499
25,y,0,0.012321668373648727,0.05032777094811127,15499
25,vy,0,0.04355446079589741,0.05005512392696062,15499
25,angle,0,0.017452013581906487,0.0497233110446064,15499
25,angular_velocity,0,0.04719122937283595,0.04978681638571737,15499
25,x,1,0.006813531210418703,0.04961664828314388,15365
25,vx,1,0.047303101675362086,0.05348094709402681,15365
25,y,1,0.01251456329131014,0.05126632820928095,15365
25,vy,1,0.050741508082493086,0.05784721654881063,15365
25,angle,1,0.018182165739089273,0.050669575513985377,15365
25,angular_velocity,1,0.07716727819159644,0.08298650502257474,15365
50,x,0,0.005125657978447572,0.049593413779228504,41618
50,vx,0,0.04356570832533507,0.04992605582574928,41618
50,y,0,0.011393677422863653,0.05004249771838769,41618
50,vy,0,0.03958691589479562,0.04972880182600042,41618
50,angle,0,0.012872722237582283,0.04982174368615528,41618
50,angular_velocity,0,0.045157370067558,0.04999330717818186,41618
