step,value
16384,10064.5263671875
32768,7162.5146484375
49152,7846.3857421875
65536,4941.509765625
81920,1829.103271484375
98304,3473.75830078125
114688,2556.123046875
131072,2986.4453125
147456,1663.5439453125
163840,2637.78955078125
180224,2204.83447265625
196608,2229.69091796875
212992,2257.2041015625
229376,2599.1416015625
245760,2508.288818359375
262144,2115.85009765625
278528,3146.361083984375
294912,2836.06591796875
311296,2874.86865234375
327680,2876.958984375
344064,3070.055908203125
360448,2893.16748046875
376832,2845.62353515625
393216,2944.3681640625
409600,3015.88134765625
425984,2598.85107421875
442368,3267.72265625
458752,2846.62744140625
475136,3192.7763671875
491520,3211.4365234375
507904,3374.39599609375
524288,3037.3291015625
540672,2904.503662109375
557056,3125.47216796875
573440,3131.4228515625
589824,3124.5419921875
606208,3608.664794921875
622592,3332.9267578125
638976,3381.067138671875
655360,2812.5947265625
671744,3103.521484375
688128,2923.5244140625
704512,3241.087158203125
720896,3139.986328125
737280,3056.262451171875
753664,3150.5009765625
770048,2940.610107421875
786432,2970.097900390625
802816,3277.1943359375
819200,2925.97119140625
835584,3043.831298828125
851968,2974.3662109375
868352,2448.518310546875
884736,2976.79638671875
901120,3303.791748046875
917504,2314.415771484375
933888,2599.8271484375
950272,2611.77490234375
966656,2518.512939453125
983040,2791.291015625
999424,2593.2470703125
1015808,2959.39501953125
1032192,2953.123046875
1048576,3234.65478515625
1064960,3036.33056640625
1081344,3007.17041015625
1097728,2901.81396484375
1114112,2470.238037109375
1130496,2498.1318359375
1146880,2501.6474609375
1163264,2846.51904296875
1179648,3239.75830078125
1196032,2585.149658203125
1212416,2782.946533203125
1228800,2847.68359375
1245184,2250.404296875
1261568,2963.635009765625
1277952,2721.5400390625
1294336,2661.342041015625
1310720,3056.35693359375
1327104,2634.353515625
1343488,2488.9453125
1359872,2179.995849609375
1376256,2617.1279296875
1392640,3000.128662109375
1409024,2771.882080078125
1425408,2791.626953125
1441792,2707.883056640625
1458176,2637.48486328125
1474560,2600.2119140625
1490944,2108.91796875
1507328,2459.735107421875
1523712,2352.57763671875
1540096,2436.875
1556480,2225.722900390625
1572864,2776.518798828125
1589248,2102.974365234375
1605632,2712.3681640625
1622016,2039.5859375
1638400,2004.86669921875
1654784,1842.7222900390625
1671168,2445.55029296875
1687552,1897.562255859375
1703936,2233.97412109375
1720320,2023.185791015625
1736704,2255.30615234375
1753088,2301.68017578125
1769472,2170.5068359375
1785856,1851.8505859375
1802240,2002.323486328125
1818624,2557.9013671875
1835008,2469.367919921875
1851392,1988.662109375
1867776,2009.3656005859375
1884160,2151.973876953125
1900544,2070.144287109375
1916928,1941.1256103515625
1933312,1613.5604248046875
1949696,2327.449951171875
1966080,1635.93212890625
1982464,2062.44677734375
1998848,2346.5126953125
2015232,2036.28955078125
2031616,1828.2958984375
2048000,1892.8529052734375
2064384,1932.56884765625
2080768,1754.8492431640625
2097152,1651.03857421875
2113536,2310.970703125
2129920,1482.491943359375
2146304,1826.710205078125
2162688,1846.148193359375
2179072,1912.8687744140625
2195456,2171.302734375
2211840,1849.6553955078125
2228224,2018.1158447265625
2244608,1790.16748046875
2260992,1990.829345703125
2277376,2067.404296875
2293760,2073.19873046875
2310144,1871.2515869140625
2326528,1644.7637939453125
2342912,1758.361572265625
2359296,2322.53466796875
2375680,1966.8004150390625
2392064,1416.9727783203125
2408448,2017.714111328125
2424832,1520.0751953125
2441216,1689.0789794921875
2457600,1614.8907470703125
2473984,1722.572265625
2490368,1763.4937744140625
2506752,1851.0762939453125
2523136,1709.522216796875
2539520,1865.2144775390625
2555904,1346.726318359375
2572288,1717.3192138671875
2588672,1901.976806640625
2605056,1274.025390625
2621440,1702.857666015625
2637824,1728.5609130859375
2654208,1489.0616455078125
2670592,1726.882568359375
2686976,1465.9366455078125
2703360,1471.0975341796875
2719744,1650.054931640625
2736128,1613.1470947265625
2752512,1694.9559326171875
2768896,1361.14501953125
2785280,1609.0137939453125
2801664,1694.0958251953125
2818048,1633.729248046875
2834432,1600.0751953125
2850816,1759.746826171875
2867200,1743.8846435546875
2883584,1079.6981201171875
2899968,1782.88671875
2916352,1556.0155029296875
2932736,1366.2056884765625
2949120,1307.19189453125
2965504,1420.660888671875
2981888,1183.8759765625
2998272,1196.956787109375
3014656,1365.360107421875
3031040,1274.1907958984375
3047424,1489.459228515625
3063808,1712.458984375
3080192,1183.111083984375
3096576,1006.9059448242188
3112960,1307.440185546875
3129344,1151.1693115234375
3145728,1405.56103515625
3162112,1233.417236328125
3178496,1211.2138671875
3194880,1208.272705078125
3211264,1049.96337890625
3227648,1014.3194580078125
3244032,1148.9068603515625
3260416,1074.90771484375
3276800,1262.4375
3293184,1008.6958618164062
3309568,1411.3980712890625
3325952,1401.5567626953125
3342336,1145.330810546875
3358720,943.2977294921875
3375104,1199.2869873046875
3391488,1167.62353515625
3407872,970.7418823242188
3424256,822.3414306640625
3440640,1098.3033447265625
3457024,894.3682861328125
3473408,1111.5947265625
3489792,925.1129150390625
3506176,1097.232421875
3522560,1029.17236328125
3538944,1137.555419921875
3555328,1040.603515625
3571712,1269.785400390625
3588096,1250.6116943359375
3604480,1020.8145751953125
3620864,1061.3681640625
3637248,1099.8729248046875
3653632,1147.901611328125
3670016,1008.2393798828125
3686400,1047.419189453125
3702784,1041.02197265625
3719168,1099.17919921875
3735552,1033.51806640625
3751936,962.35009765625
3768320,1049.935791015625
3784704,1263.229248046875
3801088,921.165283203125
3817472,744.1076049804688
3833856,1006.0587768554688
3850240,1035.3372802734375
3866624,1328.7899169921875
3883008,1027.284423828125
3899392,904.7098388671875
3915776,831.355712890625
3932160,752.556884765625
3948544,976.1248779296875
3964928,1081.1898193359375
3981312,887.9533081054688
3997696,710.033935546875
4014080,834.7161865234375
4030464,1231.13720703125
4046848,1055.615478515625
4063232,1126.2833251953125
4079616,904.6150512695312
4096000,989.0309448242188
4112384,900.9364624023438
4128768,749.9908447265625
4145152,776.3819580078125
4161536,875.6328735351562
4177920,693.047119140625
4194304,1130.3819580078125
4210688,962.5556640625
4227072,826.878662109375
4243456,696.637939453125
4259840,1117.652587890625
4276224,912.5678100585938
4292608,766.1826171875
4308992,701.058837890625
4325376,745.6659545898438
4341760,555.23779296875
4358144,716.3663330078125
4374528,700.8555908203125
4390912,870.1007690429688
4407296,882.6487426757812
4423680,868.651611328125
4440064,698.8321533203125
4456448,570.63671875
4472832,824.8110961914062
4489216,789.73193359375
4505600,626.74853515625
4521984,817.5443115234375
4538368,848.8111572265625
4554752,1131.55859375
4571136,1049.898193359375
4587520,823.39599609375
4603904,638.13623046875
4620288,612.46240234375
4636672,982.714599609375
4653056,753.0983276367188
4669440,737.303466796875
4685824,807.0963745117188
4702208,763.6895751953125
4718592,910.0614013671875
4734976,885.78564453125
4751360,966.2538452148438
4767744,746.8364868164062
4784128,680.501953125
4800512,950.79150390625
4816896,584.1270751953125
4833280,953.4093017578125
4849664,802.4202880859375
4866048,525.1051025390625
4882432,1032.5245361328125
4898816,711.9108276367188
4915200,731.516845703125
4931584,892.323486328125
4947968,690.8079833984375
4964352,841.88623046875
4980736,528.295166015625
4997120,727.3502197265625
5013504,1148.5576171875
5029888,526.47265625
5046272,589.6741943359375
5062656,640.38671875
5079040,519.6641235351562
5095424,629.617919921875
5111808,586.8324584960938
5128192,563.48681640625
5144576,503.56365966796875
5160960,580.0679931640625
5177344,785.6248779296875
5193728,732.4359130859375
5210112,750.8880004882812
5226496,778.2720947265625
5242880,810.165283203125
5259264,564.2142333984375
5275648,398.493896484375
5292032,655.7618408203125
5308416,550.0482177734375
5324800,797.3491821289062
5341184,502.5794677734375
5357568,476.6499938964844
5373952,631.2582397460938
5390336,445.5543212890625
5406720,829.9680786132812
5423104,593.3839721679688
5439488,718.1897583007812
5455872,445.55096435546875
5472256,550.6748657226562
5488640,599.7193603515625
5505024,453.207763671875
5521408,737.928955078125
5537792,444.83758544921875
5554176,497.1040344238281
5570560,602.8814086914062
5586944,674.322998046875
5603328,375.4315185546875
5619712,432.63433837890625
5636096,561.22705078125
5652480,515.63037109375
5668864,427.0843811035156
5685248,564.10791015625
5701632,614.10400390625
5718016,695.27294921875
5734400,474.8594970703125
5750784,495.5289306640625
5767168,431.34051513671875
5783552,550.3162841796875
5799936,666.707763671875
5816320,413.20135498046875
5832704,407.00885009765625
5849088,559.5274658203125
5865472,607.837890625
5881856,434.14508056640625
5898240,483.343017578125
5914624,376.8412170410156
5931008,517.601318359375
5947392,610.3726806640625
5963776,356.9492492675781
5980160,426.0262756347656
5996544,504.6631774902344
6012928,352.5123291015625
6029312,380.1203918457031
6045696,311.0809326171875
6062080,540.035888671875
6078464,463.18341064453125
6094848,564.250732421875
6111232,387.1886901855469
6127616,299.865966796875
6144000,266.09698486328125
6160384,382.1292724609375
6176768,243.9130859375
6193152,324.13201904296875
6209536,424.2867431640625
6225920,299.60601806640625
6242304,576.05078125
6258688,506.08331298828125
6275072,627.0454711914062
6291456,627.3167724609375
6307840,529.0484008789062
6324224,643.21630859375
6340608,265.83642578125
6356992,397.80804443359375
6373376,419.1477966308594
6389760,343.29083251953125
6406144,277.4236755371094
6422528,236.67967224121094
6438912,506.7111511230469
6455296,595.4967651367188
6471680,320.78253173828125
6488064,351.341796875
6504448,242.88133239746094
6520832,384.63421630859375
6537216,234.53465270996094
6553600,290.7702331542969
6569984,429.394775390625
6586368,312.8607177734375
6602752,298.5660400390625
6619136,305.8016052246094
6635520,697.8370971679688
6651904,209.10150146484375
6668288,202.27877807617188
6684672,167.94638061523438
6701056,435.98504638671875
6717440,293.63134765625
6733824,599.44189453125
6750208,244.4785614013672
6766592,478.67724609375
6782976,167.11781311035156
6799360,352.33953857421875
6815744,295.88848876953125
6832128,184.32180786132812
6848512,790.2369384765625
6864896,243.21189880371094
6881280,370.9613342285156
6897664,248.58648681640625
6914048,403.16387939453125
6930432,540.354248046875
6946816,297.1270751953125
6963200,326.25506591796875
6979584,421.72705078125
6995968,273.045166015625
7012352,317.31231689453125
7028736,188.44908142089844
7045120,161.72535705566406
7061504,251.2686767578125
7077888,255.73854064941406
7094272,214.7092742919922
7110656,444.0444641113281
7127040,234.78175354003906
7143424,641.6067504882812
7159808,205.14093017578125
7176192,368.236328125
7192576,252.3267059326172
7208960,257.25994873046875
7225344,360.362548828125
7241728,446.2970886230469
7258112,444.84490966796875
7274496,271.825927734375
7290880,136.12142944335938
7307264,215.6409149169922
7323648,323.27667236328125
7340032,126.9488754272461
7356416,220.48336791992188
7372800,235.189453125
7389184,335.22210693359375
7405568,297.4920959472656
7421952,485.61328125
7438336,366.62249755859375
7454720,324.4781799316406
7471104,278.738037109375
7487488,243.07540893554688
7503872,547.4971923828125
7520256,202.25941467285156
7536640,286.66864013671875
7553024,278.74896240234375
7569408,193.4817352294922
7585792,172.3407745361328
7602176,128.69503784179688
7618560,92.97114562988281
7634944,206.95130920410156
7651328,314.2956237792969
7667712,363.5843505859375
7684096,112.0403060913086
7700480,256.60772705078125
7716864,343.79107666015625
7733248,237.31454467773438
7749632,371.6726989746094
7766016,164.6262664794922
7782400,320.0677490234375
7798784,554.1220092773438
7815168,499.17803955078125
7831552,280.99041748046875
7847936,145.99212646484375
7864320,227.2337646484375
7880704,302.7950439453125
7897088,295.3641662597656
7913472,389.1608581542969
7929856,147.60650634765625
7946240,107.75858306884766
7962624,406.4013671875
7979008,68.51483154296875
7995392,397.52978515625
8011776,458.7064208984375
8028160,326.8124084472656
8044544,248.71994018554688
8060928,101.72595977783203
8077312,151.63449096679688
8093696,248.81201171875
8110080,510.02618408203125
8126464,303.5693664550781
8142848,329.7475891113281
8159232,228.333251953125
8175616,336.5498046875
8192000,700.9462890625
8208384,516.1658325195312
8224768,306.8645324707031
8241152,128.04356384277344
8257536,201.23497009277344
8273920,146.09207153320312
8290304,101.7710189819336
8306688,178.23513793945312
8323072,310.0125732421875
8339456,173.37391662597656
8355840,101.60894012451172
8372224,79.629638671875
8388608,410.07403564453125
8404992,84.032958984375
8421376,212.92816162109375
8437760,440.93487548828125
8454144,79.57577514648438
8470528,278.2945556640625
8486912,179.5621337890625
8503296,165.67633056640625
8519680,496.2221374511719
8536064,234.48622131347656
8552448,109.01231384277344
8568832,249.93829345703125
8585216,76.04136657714844
8601600,157.85939025878906
8617984,154.12142944335938
8634368,280.2967834472656
8650752,84.20116424560547
8667136,204.15740966796875
8683520,159.85072326660156
8699904,226.38558959960938
8716288,124.95004272460938
8732672,66.68501281738281
8749056,218.4224090576172
8765440,87.73827362060547
8781824,28.704269409179688
8798208,142.96514892578125
8814592,62.24911880493164
8830976,168.89376831054688
8847360,146.5637969970703
8863744,46.9580078125
8880128,35.017784118652344
8896512,160.4132537841797
8912896,366.2955627441406
8929280,63.102630615234375
8945664,28.232421875
8962048,122.31661224365234
8978432,299.355224609375
8994816,133.38687133789062
9011200,423.1043701171875
9027584,112.89227294921875
9043968,264.00372314453125
9060352,36.78333282470703
9076736,32.50850296020508
9093120,156.7133331298828
9109504,323.40362548828125
9125888,428.989990234375
9142272,231.44834899902344
9158656,201.1272735595703
9175040,38.355648040771484
9191424,267.56317138671875
9207808,152.58056640625
9224192,194.475830078125
9240576,340.0498962402344
9256960,204.0567626953125
9273344,117.9166488647461
9289728,36.23583221435547
9306112,382.0572509765625
9322496,236.36685180664062
9338880,253.1398162841797
9355264,221.13491821289062
9371648,123.9110107421875
9388032,416.7470397949219
9404416,218.86024475097656
9420800,89.98027038574219
9437184,163.28443908691406
9453568,172.2178192138672
9469952,70.7564468383789
9486336,157.46038818359375
9502720,43.705814361572266
9519104,335.57440185546875
9535488,53.17763900756836
9551872,624.8635864257812
9568256,41.850746154785156
9584640,46.919212341308594
9601024,215.24249267578125
9617408,209.46923828125
9633792,245.5766143798828
9650176,295.39105224609375
9666560,185.99867248535156
9682944,36.45785140991211
9699328,98.34390258789062
9715712,93.63589477539062
9732096,175.98309326171875
9748480,210.33352661132812
9764864,78.32675170898438
9781248,140.42919921875
9797632,237.58001708984375
9814016,144.5394287109375
9830400,88.18182373046875
9846784,145.65777587890625
9863168,376.1999206542969
9879552,104.76721954345703
9895936,488.87823486328125
9912320,80.22200012207031
9928704,26.159835815429688
9945088,51.80231475830078
9961472,21.33395767211914
9977856,21.869670867919922
9994240,190.14767456054688
10010624,44.14269256591797
10027008,216.63372802734375
10043392,140.55764770507812
10059776,136.59420776367188
10076160,256.61981201171875
10092544,357.14495849609375
10108928,79.01837158203125
10125312,263.2232971191406
10141696,273.6589050292969
10158080,285.16632080078125
10174464,41.831756591796875
10190848,37.045204162597656
10207232,35.420772552490234
10223616,173.98838806152344
10240000,55.881587982177734
10256384,27.240550994873047
10272768,153.63128662109375
10289152,245.70706176757812
10305536,352.92425537109375
10321920,118.94691467285156
10338304,108.4959716796875
10354688,74.0093765258789
10371072,69.93284606933594
10387456,92.23065185546875
10403840,92.59907531738281
10420224,60.71737289428711
10436608,110.9164810180664
10452992,126.93062591552734
10469376,204.79110717773438
10485760,135.72779846191406
10502144,87.1300048828125
10518528,81.69349670410156
10534912,89.28445434570312
10551296,300.0251770019531
10567680,48.680660247802734
10584064,118.8777084350586
10600448,26.217267990112305
10616832,252.75827026367188
10633216,170.62437438964844
10649600,95.93647766113281
10665984,24.859704971313477
10682368,157.36663818359375
10698752,98.54583740234375
10715136,261.7021789550781
10731520,587.651611328125
10747904,28.01795768737793
10764288,109.26212310791016
10780672,80.4976577758789
10797056,420.685546875
10813440,288.56005859375
10829824,84.85614013671875
10846208,92.28477478027344
10862592,27.22407341003418
10878976,93.46739196777344
10895360,198.7574920654297
10911744,116.72628784179688
10928128,30.924240112304688
10944512,41.286643981933594
10960896,13.603614807128906
10977280,52.20927810668945
10993664,18.128036499023438
11010048,190.90219116210938
11026432,105.54283905029297
11042816,33.794925689697266
11059200,79.55733489990234
11075584,38.37476348876953
11091968,139.022216796875
11108352,31.2596435546875
11124736,57.40708541870117
11141120,98.64435577392578
11157504,278.2831115722656
11173888,44.24123764038086
11190272,29.69304656982422
11206656,64.52383422851562
11223040,18.931934356689453
11239424,304.17559814453125
11255808,37.60871505737305
11272192,41.34575653076172
11288576,192.6905975341797
11304960,50.55029296875
11321344,44.83465576171875
11337728,47.53846740722656
11354112,44.446109771728516
11370496,10.816234588623047
11386880,83.29859924316406
11403264,62.14484405517578
11419648,71.22461700439453
11436032,97.88912200927734
11452416,335.1002197265625
11468800,178.3450469970703
11485184,218.74160766601562
11501568,65.07234954833984
11517952,75.28450775146484
11534336,63.13446044921875
11550720,39.31343078613281
11567104,29.018138885498047
11583488,425.3443603515625
11599872,61.49080276489258
11616256,203.19163513183594
11632640,36.388450622558594
11649024,168.37109375
11665408,54.973724365234375
11681792,118.7243881225586
11698176,36.08232879638672
11714560,117.27261352539062
11730944,57.75428009033203
11747328,26.659875869750977
11763712,198.09539794921875
11780096,15.259976387023926
11796480,21.376697540283203
11812864,417.91192626953125
11829248,135.67652893066406
11845632,103.90864562988281
11862016,140.98577880859375
11878400,64.4903564453125
11894784,22.63894271850586
11911168,114.90637969970703
11927552,59.75902557373047
11943936,72.74754333496094
11960320,70.06681060791016
11976704,24.474138259887695
11993088,22.256982803344727
12009472,51.04776382446289
12025856,143.89401245117188
12042240,230.90489196777344
12058624,223.5010223388672
12075008,313.0482177734375
12091392,330.1558837890625
12107776,262.1905517578125
12124160,57.78382110595703
12140544,15.600504875183105
12156928,27.23572540283203
12173312,115.66886138916016
12189696,126.84812927246094
12206080,122.86644744873047
12222464,14.271805763244629
12238848,18.081817626953125
12255232,53.54262161254883
12271616,194.33509826660156
12288000,67.79701232910156
12304384,56.92320251464844
12320768,179.54934692382812
12337152,31.231273651123047
12353536,99.10286712646484
12369920,47.39061737060547
12386304,85.9627456665039
12402688,78.45628356933594
12419072,99.73272705078125
12435456,160.64382934570312
12451840,209.95550537109375
12468224,35.59069061279297
12484608,32.72859191894531
12500992,154.82518005371094
12517376,114.6831283569336
12533760,48.64272689819336
12550144,50.800140380859375
12566528,127.46058654785156
12582912,79.15927124023438
12599296,20.409934997558594
12615680,17.953704833984375
12632064,43.77362823486328
12648448,159.04595947265625
12664832,138.71859741210938
12681216,33.618900299072266
12697600,103.47443389892578
12713984,93.97515869140625
12730368,227.48065185546875
12746752,229.5541229248047
12763136,49.93935775756836
12779520,146.2173309326172
12795904,388.4001770019531
12812288,26.979000091552734
12828672,30.085147857666016
12845056,249.46163940429688
12861440,19.786945343017578
12877824,47.0577507019043
12894208,204.71728515625
12910592,165.240966796875
12926976,120.49708557128906
12943360,192.52867126464844
12959744,240.15756225585938
12976128,34.78716278076172
12992512,19.179813385009766
13008896,201.26654052734375
13025280,87.10717010498047
13041664,43.144466400146484
13058048,26.97977066040039
13074432,73.50322723388672
13090816,36.16203689575195
13107200,74.44151306152344
13123584,103.48638916015625
13139968,23.56063461303711
13156352,21.152841567993164
13172736,186.3825225830078
13189120,30.830101013183594
13205504,37.99647521972656
13221888,250.60699462890625
13238272,145.80380249023438
13254656,15.164054870605469
13271040,393.1667175292969
13287424,143.7735595703125
13303808,121.43087768554688
13320192,53.777381896972656
13336576,45.533843994140625
13352960,38.46338653564453
13369344,16.310518264770508
13385728,115.51693725585938
13402112,11.652006149291992
13418496,18.668092727661133
13434880,237.96719360351562
13451264,42.981353759765625
13467648,103.69627380371094
13484032,81.87186431884766
13500416,93.60938262939453
13516800,35.52393341064453
13533184,86.10323333740234
13549568,29.93886947631836
13565952,225.0511932373047
13582336,63.018226623535156
13598720,166.30416870117188
13615104,8.456220626831055
13631488,309.1092224121094
13647872,244.61358642578125
13664256,125.71123504638672
13680640,148.7304229736328
13697024,20.547542572021484
13713408,68.04407501220703
13729792,24.548145294189453
13746176,22.607145309448242
13762560,292.9014587402344
13778944,118.36910247802734
13795328,37.208866119384766
13811712,272.46539306640625
13828096,15.549210548400879
13844480,86.38522338867188
13860864,340.7510986328125
13877248,22.677017211914062
13893632,88.08493041992188
13910016,28.19266128540039
13926400,59.40101623535156
13942784,148.3264923095703
13959168,19.125568389892578
13975552,18.373992919921875
13991936,25.097064971923828
14008320,15.242568969726562
14024704,237.55242919921875
14041088,11.022990226745605
14057472,42.851234436035156
14073856,70.69805908203125
14090240,87.42646789550781
14106624,61.29496383666992
14123008,435.2912902832031
14139392,83.0863265991211
14155776,101.52910614013672
14172160,51.062042236328125
14188544,97.75374603271484
14204928,148.15292358398438
14221312,209.68643188476562
14237696,178.2644500732422
14254080,144.69964599609375
14270464,86.4004135131836
14286848,106.2891845703125
14303232,54.133689880371094
14319616,16.180452346801758
14336000,22.78255844116211
14352384,109.2751693725586
14368768,170.84613037109375
14385152,202.52890014648438
14401536,28.967971801757812
14417920,454.5899963378906
14434304,103.35604095458984
14450688,88.39138793945312
14467072,63.19427490234375
14483456,20.38656997680664
14499840,38.49687957763672
14516224,75.5458984375
14532608,377.7132263183594
14548992,10.60377025604248
14565376,173.18661499023438
14581760,31.921409606933594
14598144,14.684623718261719
14614528,384.5671081542969
14630912,221.362060546875
14647296,246.62832641601562
14663680,23.15166664123535
14680064,17.12945556640625
14696448,235.8337860107422
14712832,10.23495864868164
14729216,29.65751075744629
14745600,19.306293487548828
14761984,121.10821533203125
14778368,38.8891716003418
14794752,13.076126098632812
14811136,29.93657684326172
14827520,66.961669921875
14843904,45.73405075073242
14860288,52.611045837402344
14876672,21.514089584350586
14893056,529.9824829101562
14909440,37.0846061706543
14925824,100.4571304321289
14942208,204.80979919433594
14958592,60.57050323486328
14974976,233.79412841796875
14991360,32.08015823364258
15007744,33.839454650878906
15024128,40.428321838378906
15040512,80.27537536621094
15056896,22.1365966796875
15073280,22.698474884033203
15089664,26.302345275878906
15106048,17.656538009643555
15122432,15.858085632324219
15138816,97.10725402832031
15155200,112.0706787109375
15171584,72.73101806640625
15187968,40.15250778198242
15204352,83.888671875
15220736,120.80430603027344
15237120,63.15992736816406
15253504,119.90513610839844
15269888,27.855403900146484
15286272,125.74273681640625
15302656,181.69520568847656
15319040,214.862548828125
15335424,117.3040542602539
15351808,20.347517013549805
15368192,203.16314697265625
15384576,424.4030456542969
15400960,19.828357696533203
15417344,11.143394470214844
15433728,113.52464294433594
15450112,10.509915351867676
15466496,21.76789665222168
15482880,12.376073837280273
15499264,28.75733757019043
15515648,10.983175277709961
15532032,50.058570861816406
15548416,139.5145721435547
15564800,12.174518585205078
15581184,119.34083557128906
15597568,23.255842208862305
15613952,88.41156005859375
15630336,85.8055419921875
15646720,150.8994140625
15663104,92.66275787353516
15679488,68.64558410644531
15695872,140.52011108398438
15712256,14.012283325195312
15728640,285.56494140625
15745024,345.4236145019531
15761408,25.45895004272461
15777792,290.0882568359375
15794176,58.91310501098633
15810560,31.328264236450195
15826944,291.00323486328125
15843328,21.572002410888672
15859712,20.679485321044922
15876096,42.28225326538086
15892480,79.68283081054688
15908864,147.51751708984375
15925248,186.65728759765625
15941632,240.36062622070312
15958016,126.28974914550781
15974400,140.4149169921875
15990784,93.69476318359375
16007168,52.06254959106445
16023552,42.7278938293457
16039936,117.04590606689453
16056320,21.7817440032959
16072704,102.39567565917969
16089088,20.698963165283203
16105472,292.62506103515625
16121856,151.92083740234375
16138240,134.29000854492188
16154624,56.670692443847656
16171008,100.14408111572266
16187392,17.309221267700195
16203776,173.4114227294922
16220160,43.10887145996094
16236544,60.681922912597656
16252928,206.91455078125
16269312,148.2877197265625
16285696,39.98009490966797
16302080,143.47390747070312
16318464,93.36502075195312
16334848,81.70000457763672
16351232,49.32851791381836
16367616,443.5156555175781
16384000,31.359485626220703
16400384,116.28465270996094
16416768,145.3616180419922
16433152,51.64756774902344
16449536,156.29437255859375
16465920,271.098388671875
16482304,67.19538116455078
16498688,22.46413803100586
16515072,7.108978748321533
16531456,56.16928482055664
16547840,52.420631408691406
16564224,195.51406860351562
16580608,148.1943359375
16596992,10.421676635742188
16613376,58.28343200683594
16629760,79.44898986816406
16646144,77.286376953125
16662528,19.94482421875
16678912,280.95098876953125
16695296,8.807317733764648
16711680,31.861553192138672
16728064,14.265680313110352
16744448,123.55567169189453
16760832,165.32772827148438
16777216,107.72074890136719
16793600,11.828535079956055
16809984,99.40322875976562
16826368,15.101472854614258
16842752,76.75118255615234
16859136,51.95470428466797
16875520,19.88811492919922
16891904,87.25191497802734
16908288,101.61418914794922
16924672,42.837364196777344
16941056,301.1722717285156
16957440,161.7120361328125
16973824,114.06729125976562
16990208,14.632795333862305
17006592,23.71201515197754
17022976,114.814453125
17039360,94.47953033447266
17055744,20.248064041137695
17072128,106.08843231201172
17088512,136.75453186035156
17104896,40.469215393066406
17121280,107.54025268554688
17137664,289.1318359375
17154048,56.93235778808594
17170432,314.6580810546875
17186816,13.076210021972656
17203200,159.4686737060547
17219584,31.584152221679688
17235968,74.55464935302734
17252352,247.1239013671875
17268736,48.99645233154297
17285120,271.05633544921875
17301504,185.15887451171875
17317888,442.9180603027344
17334272,91.96157836914062
17350656,24.512828826904297
17367040,42.085086822509766
17383424,133.16439819335938
17399808,53.899147033691406
17416192,255.81491088867188
17432576,95.26759338378906
17448960,359.56292724609375
17465344,57.266544342041016
17481728,173.6632080078125
17498112,184.20187377929688
17514496,95.48709869384766
17530880,213.3687744140625
17547264,24.437156677246094
17563648,18.2193603515625
17580032,95.92098999023438
17596416,126.47116088867188
17612800,13.116376876831055
17629184,32.47234344482422
17645568,26.667245864868164
17661952,94.9509048461914
17678336,509.24761962890625
17694720,192.0862579345703
17711104,22.554534912109375
17727488,67.54956817626953
17743872,102.8444595336914
17760256,32.43397521972656
17776640,22.30323028564453
17793024,68.63699340820312
17809408,90.3799057006836
17825792,291.65631103515625
17842176,106.28834533691406
17858560,49.274261474609375
17874944,75.2521743774414
17891328,34.664798736572266
17907712,58.534324645996094
17924096,117.94631958007812
17940480,93.55784606933594
17956864,321.1739196777344
17973248,103.86807250976562
17989632,209.08848571777344
18006016,127.12812805175781
18022400,166.64697265625
18038784,317.654296875
18055168,241.95687866210938
18071552,30.89118003845215
18087936,213.637451171875
18104320,15.932699203491211
18120704,19.153881072998047
18137088,79.85647583007812
18153472,42.53666687011719
18169856,119.61430358886719
18186240,103.73176574707031
18202624,234.34266662597656
18219008,150.5938262939453
18235392,13.030692100524902
18251776,117.07763671875
18268160,97.04467010498047
18284544,197.56991577148438
18300928,90.67921447753906
18317312,169.67990112304688
18333696,318.17449951171875
18350080,50.8236083984375
18366464,15.372757911682129
18382848,23.917797088623047
18399232,131.4612579345703
18415616,31.5952205657959
18432000,142.97140502929688
18448384,47.202117919921875
18464768,117.45134735107422
18481152,241.43304443359375
18497536,439.2176818847656
18513920,250.14747619628906
18530304,99.9627914428711
18546688,106.05587768554688
18563072,324.69622802734375
18579456,13.335016250610352
18595840,13.340304374694824
18612224,31.38580894470215
18628608,21.54098892211914
18644992,76.6185073852539
18661376,26.565204620361328
18677760,367.4200744628906
18694144,575.1070556640625
18710528,249.0680389404297
18726912,100.58338165283203
18743296,122.78754425048828
18759680,303.4518737792969
18776064,25.162269592285156
18792448,139.71926879882812
18808832,80.6202621459961
18825216,398.34820556640625
18841600,22.249296188354492
18857984,37.651100158691406
18874368,54.29172897338867
18890752,206.65818786621094
18907136,126.35169982910156
18923520,23.26802635192871
18939904,52.63536834716797
18956288,37.08013153076172
18972672,19.379892349243164
18989056,211.427490234375
19005440,261.8075866699219
19021824,247.32958984375
19038208,37.49531555175781
19054592,114.82679748535156
19070976,93.35840606689453
19087360,220.81002807617188
19103744,28.60974884033203
19120128,139.20083618164062
19136512,47.185264587402344
19152896,21.906442642211914
19169280,96.62964630126953
19185664,231.45594787597656
19202048,182.2833251953125
19218432,76.60420227050781
19234816,180.77899169921875
19251200,213.48484802246094
19267584,18.73312759399414
19283968,23.855758666992188
19300352,56.955848693847656
19316736,53.42727279663086
19333120,76.2795639038086
19349504,31.07091522216797
19365888,324.2449951171875
19382272,109.96154022216797
19398656,31.266847610473633
19415040,27.48505210876465
19431424,60.477294921875
19447808,187.8642120361328
19464192,162.09213256835938
19480576,44.18758010864258
19496960,399.95550537109375
19513344,21.51461410522461
19529728,118.81681823730469
19546112,256.5953369140625
19562496,29.495849609375
19578880,54.48505401611328
19595264,49.05126953125
19611648,34.01646041870117
19628032,210.9495391845703
19644416,259.9733581542969
19660800,136.07183837890625
19677184,338.3658142089844
19693568,245.17111206054688
19709952,300.4366455078125
19726336,243.02565002441406
19742720,45.81420135498047
19759104,100.24134826660156
19775488,254.6979217529297
19791872,78.86942291259766
19808256,156.2222900390625
19824640,136.92727661132812
19841024,23.81682586669922
19857408,40.127464294433594
19873792,94.17603302001953
19890176,107.04440307617188
19906560,21.467687606811523
19922944,53.36565017700195
19939328,16.542293548583984
19955712,41.59736251831055
19972096,164.1298828125
19988480,12.075319290161133
20004864,20.275737762451172
20021248,23.359792709350586
20037632,83.7928695678711
20054016,36.38958740234375
20070400,233.986572265625
20086784,26.752792358398438
20103168,20.137269973754883
20119552,10.78322696685791
20135936,74.8144302368164
20152320,88.61629486083984
20168704,13.210695266723633
20185088,44.858577728271484
20201472,69.72415924072266
20217856,63.24629211425781
20234240,132.6944580078125
20250624,34.67274475097656
20267008,17.53766632080078
20283392,95.57610321044922
20299776,58.73747634887695
20316160,75.88309478759766
20332544,524.3006591796875
20348928,85.87973022460938
20365312,39.45698547363281
20381696,14.18126392364502
20398080,65.20597076416016
20414464,143.71209716796875
20430848,257.09075927734375
20447232,454.25604248046875
20463616,96.07725524902344
20480000,38.845699310302734
20496384,33.69712448120117
20512768,28.817012786865234
20529152,10.711427688598633
20545536,32.522865295410156
20561920,19.922748565673828
20578304,116.03599548339844
20594688,22.996105194091797
20611072,345.01226806640625
20627456,98.69335174560547
20643840,270.86663818359375
20660224,46.861534118652344
20676608,22.3377742767334
20692992,120.56976318359375
20709376,174.27398681640625
20725760,35.428279876708984
20742144,175.77854919433594
20758528,129.65557861328125
20774912,41.41682434082031
20791296,10.016297340393066
20807680,12.262114524841309
20824064,128.9633331298828
20840448,141.58807373046875
20856832,123.1597671508789
20873216,324.3463439941406
20889600,229.64828491210938
20905984,13.626920700073242
20922368,111.26214599609375
20938752,11.768917083740234
20955136,67.47686004638672
20971520,19.582931518554688
20987904,74.08110046386719
21004288,41.532440185546875
21020672,379.6620178222656
21037056,95.03694152832031
21053440,28.56549835205078
21069824,141.05889892578125
21086208,306.1634521484375
21102592,52.19568634033203
21118976,11.62161636352539
21135360,43.050838470458984
21151744,24.425168991088867
21168128,11.010591506958008
21184512,30.155160903930664
21200896,99.97004699707031
21217280,10.817337036132812
21233664,62.34724044799805
21250048,25.830989837646484
21266432,131.4806365966797
21282816,300.8482666015625
21299200,72.1961898803711
21315584,25.678199768066406
21331968,12.982892990112305
21348352,129.8435821533203
21364736,187.09432983398438
21381120,294.8798828125
21397504,209.78781127929688
21413888,32.12764358520508
21430272,67.66739654541016
21446656,28.502994537353516
21463040,17.727645874023438
21479424,112.81962585449219
21495808,50.751373291015625
21512192,85.18733215332031
21528576,31.421165466308594
21544960,66.86844635009766
21561344,18.216392517089844
21577728,105.09393310546875
21594112,9.054685592651367
21610496,10.271825790405273
21626880,43.03178405761719
21643264,197.56224060058594
21659648,79.0908432006836
21676032,142.21566772460938
21692416,33.5344352722168
21708800,15.049250602722168
21725184,148.61195373535156
21741568,112.09870910644531
21757952,28.454669952392578
21774336,204.2647247314453
21790720,253.005615234375
21807104,86.53868103027344
21823488,122.3230209350586
21839872,92.2973861694336
21856256,222.18951416015625
21872640,33.00362014770508
21889024,24.34732437133789
21905408,103.778076171875
21921792,21.819860458374023
21938176,8.108739852905273
21954560,166.99533081054688
21970944,134.62936401367188
21987328,309.6789855957031
22003712,111.63442993164062
22020096,19.730690002441406
22036480,54.52535629272461
22052864,223.06100463867188
22069248,275.32183837890625
22085632,38.208343505859375
22102016,56.69639587402344
22118400,124.59333801269531
22134784,18.012380599975586
22151168,13.824838638305664
22167552,133.2147979736328
22183936,25.71527862548828
22200320,319.6487121582031
22216704,79.09536743164062
22233088,37.703365325927734
22249472,52.23434066772461
22265856,15.42487621307373
22282240,277.0716857910156
22298624,36.36217498779297
22315008,337.0206298828125
22331392,223.5282745361328
22347776,217.86813354492188
22364160,12.340591430664062
22380544,23.051822662353516
22396928,169.675048828125
22413312,243.2289581298828
22429696,18.48103904724121
22446080,22.577518463134766
22462464,26.655805587768555
22478848,202.80140686035156
22495232,28.8513240814209
22511616,24.471664428710938
22528000,152.510498046875
22544384,14.906126022338867
22560768,52.45586395263672
22577152,21.153779983520508
22593536,38.40097427368164
22609920,100.43199157714844
22626304,19.236408233642578
22642688,19.589046478271484
22659072,105.60685729980469
22675456,20.202123641967773
22691840,188.02780151367188
22708224,68.94766998291016
22724608,69.3963851928711
22740992,165.4461212158203
22757376,331.81243896484375
22773760,34.150596618652344
22790144,254.45449829101562
22806528,13.579605102539062
22822912,29.760616302490234
22839296,193.2178192138672
22855680,30.895347595214844
22872064,15.65274715423584
22888448,8.230789184570312
22904832,51.08403778076172
22921216,24.162870407104492
22937600,21.48150062561035
22953984,9.767366409301758
22970368,184.93524169921875
22986752,42.509521484375
23003136,89.12073516845703
23019520,8.70233154296875
23035904,41.03306579589844
23052288,27.622190475463867
23068672,202.4566650390625
23085056,11.974532127380371
23101440,12.359444618225098
23117824,328.9918212890625
23134208,51.321205139160156
23150592,12.980619430541992
23166976,105.37706756591797
23183360,270.3913269042969
23199744,204.9700469970703
23216128,26.667518615722656
23232512,14.202005386352539
23248896,8.455684661865234
23265280,20.805749893188477
23281664,125.19880676269531
23298048,14.306632995605469
23314432,17.257247924804688
23330816,56.676788330078125
23347200,14.856939315795898
23363584,6.888464450836182
23379968,18.06938362121582
23396352,14.19318962097168
23412736,112.79734802246094
23429120,11.16750717163086
23445504,48.45484924316406
23461888,11.844310760498047
23478272,11.702085494995117
23494656,24.038442611694336
23511040,171.8975067138672
23527424,51.55282211303711
23543808,56.12548828125
23560192,14.37818717956543
23576576,9.718960762023926
23592960,55.65359878540039
23609344,9.215511322021484
23625728,76.88143920898438
23642112,35.0035285949707
23658496,8.472780227661133
23674880,94.3822021484375
23691264,86.4921875
23707648,265.5984191894531
23724032,58.25414276123047
23740416,151.13027954101562
23756800,50.20116424560547
23773184,183.57118225097656
23789568,81.36747741699219
23805952,38.6564826965332
23822336,145.333251953125
23838720,95.97036743164062
23855104,64.99201202392578
23871488,8.656634330749512
23887872,6.869494438171387
23904256,15.09115982055664
23920640,129.58447265625
23937024,509.0978088378906
23953408,7.975657939910889
23969792,852.77294921875
23986176,36.915000915527344
24002560,7.509128570556641
24018944,74.17491149902344
24035328,154.40089416503906
24051712,8.067291259765625
24068096,13.269547462463379
24084480,17.50213050842285
24100864,38.305747985839844
24117248,137.6586456298828
24133632,9.930935859680176
24150016,99.75634765625
24166400,24.918134689331055
24182784,224.99986267089844
24199168,85.82487487792969
24215552,62.21710205078125
24231936,158.75064086914062
24248320,17.87809181213379
24264704,85.02206420898438
24281088,33.716590881347656
24297472,28.56743621826172
24313856,131.22764587402344
24330240,12.999676704406738
24346624,147.60385131835938
24363008,169.13038635253906
24379392,26.752674102783203
24395776,25.62930679321289
24412160,39.92548370361328
24428544,63.642845153808594
24444928,15.939812660217285
24461312,44.11993408203125
24477696,83.27127838134766
24494080,157.51768493652344
24510464,106.21652221679688
24526848,84.51895904541016
24543232,159.04702758789062
24559616,10.286645889282227
24576000,74.30474853515625
24592384,87.91889190673828
24608768,15.919305801391602
24625152,28.672561645507812
24641536,147.0391082763672
24657920,41.83335494995117
24674304,23.110397338867188
24690688,334.3410339355469
24707072,205.12940979003906
24723456,378.29608154296875
24739840,34.15248107910156
24756224,229.16281127929688
24772608,9.512320518493652
24788992,46.854244232177734
24805376,125.79510498046875
24821760,68.93817138671875
24838144,204.15187072753906
24854528,22.82134246826172
24870912,160.00454711914062
24887296,246.86158752441406
24903680,120.39138793945312
24920064,231.8020782470703
24936448,19.354957580566406
24952832,86.73316192626953
24969216,45.47949981689453
24985600,18.101787567138672
25001984,270.2890319824219
25018368,9.055882453918457
25034752,19.097145080566406
25051136,310.7318420410156
25067520,14.239812850952148
25083904,246.66651916503906
25100288,58.648292541503906
25116672,83.34903717041016
25133056,81.75837707519531
25149440,34.79754638671875
25165824,247.45582580566406
25182208,106.21581268310547
25198592,44.27228546142578
25214976,18.765695571899414
25231360,18.08838653564453
25247744,45.42292022705078
25264128,177.87081909179688
25280512,62.28973388671875
25296896,166.3514862060547
25313280,98.33307647705078
25329664,65.83482360839844
25346048,59.9046630859375
25362432,94.4777603149414
25378816,178.97305297851562
25395200,54.782737731933594
25411584,106.62174987792969
25427968,194.56307983398438
25444352,28.926897048950195
25460736,118.31199645996094
25477120,270.4105224609375
25493504,12.441868782043457
25509888,23.655710220336914
25526272,379.92822265625
25542656,121.33866882324219
25559040,86.26739501953125
25575424,28.542875289916992
25591808,119.75145721435547
25608192,67.07511138916016
25624576,75.72464752197266
25640960,62.09431457519531
25657344,24.78763198852539
25673728,87.18121337890625
25690112,35.2326545715332
25706496,98.33776092529297
25722880,140.11643981933594
25739264,113.63932800292969
25755648,176.45021057128906
25772032,42.72178649902344
25788416,62.157596588134766
25804800,231.91725158691406
25821184,8.582340240478516
25837568,115.43278503417969
25853952,104.82131958007812
25870336,23.402923583984375
25886720,48.08689880371094
25903104,42.15668869018555
25919488,11.991384506225586
25935872,119.40857696533203
25952256,71.03942108154297
25968640,20.758155822753906
25985024,20.047395706176758
26001408,309.75775146484375
26017792,112.96945190429688
26034176,29.35137176513672
26050560,32.88819885253906
26066944,24.856447219848633
26083328,20.281766891479492
26099712,31.99959945678711
26116096,142.41912841796875
26132480,97.81019592285156
26148864,71.22808074951172
26165248,294.7198181152344
26181632,7.62059211730957
26198016,18.775957107543945
26214400,115.19861602783203
26230784,269.534423828125
26247168,131.13238525390625
26263552,218.61802673339844
26279936,124.71249389648438
26296320,83.58584594726562
26312704,755.7311401367188
26329088,359.17230224609375
26345472,135.99468994140625
26361856,158.6371612548828
26378240,173.38232421875
26394624,179.69229125976562
26411008,137.9256591796875
26427392,117.9631118774414
26443776,17.461061477661133
26460160,258.74462890625
26476544,13.474971771240234
26492928,28.990318298339844
26509312,52.50896072387695
26525696,188.62901306152344
26542080,6.965523719787598
26558464,45.19573211669922
26574848,8.08736515045166
26591232,15.620349884033203
26607616,236.86761474609375
26624000,98.7685775756836
26640384,21.981027603149414
26656768,113.49217987060547
26673152,19.362836837768555
26689536,18.35320472717285
26705920,141.07342529296875
26722304,551.2686767578125
26738688,14.798442840576172
26755072,14.42302131652832
26771456,219.3612060546875
26787840,8.997035026550293
26804224,12.630592346191406
26820608,16.656742095947266
26836992,87.43856048583984
26853376,149.66310119628906
26869760,207.51246643066406
26886144,15.849430084228516
26902528,7.653937816619873
26918912,139.8513946533203
26935296,324.0213317871094
26951680,147.18450927734375
26968064,167.27499389648438
26984448,33.686031341552734
27000832,67.46809387207031
27017216,245.07577514648438
27033600,73.95879364013672
27049984,179.16513061523438
27066368,414.35284423828125
27082752,82.1192626953125
27099136,77.13572692871094
27115520,133.67880249023438
27131904,19.827926635742188
27148288,27.692201614379883
27164672,95.49636840820312
27181056,84.14059448242188
27197440,94.34759521484375
27213824,25.37054443359375
27230208,271.39508056640625
27246592,11.307638168334961
27262976,66.56952667236328
27279360,84.42611694335938
27295744,166.31118774414062
27312128,24.829307556152344
27328512,20.03740692138672
27344896,103.92830657958984
27361280,6.706691741943359
27377664,21.523778915405273
27394048,26.395732879638672
27410432,80.80062866210938
27426816,156.8770294189453
27443200,10.227132797241211
27459584,16.888347625732422
27475968,302.12701416015625
27492352,114.55950927734375
27508736,21.856733322143555
27525120,134.9965057373047
27541504,18.94986343383789
27557888,33.09093475341797
27574272,17.14862823486328
27590656,85.85676574707031
27607040,56.67182922363281
27623424,60.02734375
27639808,118.76197814941406
27656192,293.4461669921875
27672576,168.21426391601562
27688960,11.458404541015625
27705344,171.33103942871094
27721728,15.789361000061035
27738112,92.56873321533203
27754496,187.12197875976562
27770880,85.6536865234375
27787264,177.65155029296875
27803648,9.63607120513916
27820032,53.6546745300293
27836416,14.87480640411377
27852800,20.448925018310547
27869184,117.14137268066406
27885568,7.237104892730713
27901952,28.24970054626465
27918336,60.056053161621094
27934720,166.53897094726562
27951104,58.801490783691406
27967488,10.162628173828125
27983872,69.28815460205078
28000256,22.299867630004883
28016640,69.00623321533203
28033024,51.37700271606445
28049408,20.83694076538086
28065792,9.383514404296875
28082176,169.33413696289062
28098560,188.17147827148438
28114944,31.67642593383789
28131328,14.736578941345215
28147712,32.128665924072266
28164096,8.263421058654785
28180480,33.22334289550781
28196864,202.67027282714844
28213248,8.065125465393066
28229632,16.41098403930664
28246016,171.46438598632812
28262400,17.023794174194336
28278784,35.807403564453125
28295168,17.132896423339844
28311552,8.727027893066406
28327936,312.02899169921875
28344320,20.71096420288086
28360704,18.224437713623047
28377088,12.87106990814209
28393472,89.02629089355469
28409856,31.291217803955078
28426240,170.4390869140625
28442624,33.659873962402344
28459008,17.67676544189453
28475392,16.192577362060547
28491776,11.671614646911621
28508160,21.63812255859375
28524544,13.420186996459961
28540928,10.879700660705566
28557312,12.495745658874512
28573696,163.49563598632812
28590080,124.3363037109375
28606464,10.398923873901367
28622848,359.27178955078125
28639232,78.05485534667969
28655616,14.419166564941406
28672000,38.850624084472656
28688384,19.4212589263916
28704768,15.334125518798828
28721152,24.583782196044922
28737536,12.249225616455078
28753920,26.749637603759766
28770304,11.87818717956543
28786688,19.138526916503906
28803072,32.83179473876953
28819456,30.287151336669922
28835840,24.27154541015625
28852224,67.11226654052734
28868608,11.43391227722168
28884992,24.11311149597168
28901376,45.93546676635742
28917760,22.596012115478516
28934144,25.33627700805664
28950528,26.663299560546875
28966912,145.03500366210938
28983296,52.9085807800293
28999680,183.43687438964844
29016064,209.08673095703125
29032448,27.974834442138672
29048832,125.32353973388672
29065216,16.544536590576172
29081600,19.114444732666016
29097984,11.443670272827148
29114368,114.58010864257812
29130752,11.24105453491211
29147136,194.57281494140625
29163520,65.44729614257812
29179904,183.0853271484375
29196288,380.2629089355469
29212672,200.62298583984375
29229056,16.74823760986328
29245440,6.564688682556152
29261824,16.135522842407227
29278208,148.90797424316406
29294592,160.20315551757812
29310976,70.33655548095703
29327360,165.13247680664062
29343744,27.226579666137695
29360128,224.787353515625
29376512,59.35014724731445
29392896,161.32373046875
29409280,122.20884704589844
29425664,48.864620208740234
29442048,12.307353973388672
29458432,14.67380142211914
29474816,123.66682434082031
29491200,224.64266967773438
29507584,137.3987274169922
29523968,90.67832946777344
29540352,201.3424530029297
29556736,20.18246078491211
29573120,182.4156951904297
29589504,12.99167251586914
29605888,94.83827209472656
29622272,229.85296630859375
29638656,228.68557739257812
29655040,48.28782653808594
29671424,181.50323486328125
29687808,35.61914825439453
29704192,101.0958480834961
29720576,25.644641876220703
29736960,390.32098388671875
29753344,55.53792190551758
29769728,185.7468719482422
29786112,10.105293273925781
29802496,55.75843811035156
29818880,226.38450622558594
29835264,130.7673797607422
29851648,180.11318969726562
29868032,50.553436279296875
29884416,95.80852508544922
29900800,10.593658447265625
29917184,229.94358825683594
29933568,19.269296646118164
29949952,49.35170364379883
29966336,79.9195327758789
29982720,80.55117797851562
29999104,41.45903778076172
30015488,130.15765380859375
30031872,420.3806457519531
30048256,31.978132247924805
30064640,15.394685745239258
30081024,49.04597473144531
30097408,123.83816528320312
30113792,225.54052734375
30130176,12.856132507324219
30146560,262.6289978027344
30162944,388.30322265625
30179328,17.800310134887695
30195712,34.179832458496094
30212096,53.44816589355469
30228480,30.803985595703125
30244864,166.62860107421875
30261248,36.04656982421875
30277632,231.69996643066406
30294016,191.9744415283203
30310400,29.64781379699707
30326784,153.90829467773438
30343168,73.81829833984375
30359552,12.308172225952148
30375936,16.411060333251953
30392320,13.655174255371094
30408704,190.27911376953125
30425088,254.1558380126953
30441472,17.119991302490234
30457856,6.234244346618652
30474240,176.69039916992188
30490624,121.63685607910156
30507008,57.512149810791016
30523392,34.18812561035156
30539776,30.695899963378906
30556160,220.21958923339844
30572544,13.319244384765625
30588928,152.66722106933594
30605312,105.05245208740234
30621696,233.92962646484375
30638080,75.56334686279297
30654464,127.48253631591797
30670848,46.32316970825195
30687232,11.934332847595215
30703616,57.944976806640625
30720000,16.923004150390625
30736384,10.336908340454102
30752768,22.452682495117188
30769152,17.347925186157227
30785536,88.91590118408203
30801920,55.637062072753906
30818304,19.820667266845703
30834688,449.31463623046875
30851072,10.335390090942383
30867456,6.512911319732666
30883840,14.63663387298584
30900224,25.979753494262695
30916608,141.73106384277344
30932992,378.0992431640625
30949376,17.038318634033203
30965760,36.06402587890625
30982144,35.264320373535156
30998528,9.719840049743652
31014912,8.728809356689453
31031296,11.994521141052246
31047680,50.48979187011719
31064064,114.30836486816406
31080448,72.3128662109375
31096832,11.255764961242676
31113216,15.969311714172363
31129600,67.49575805664062
31145984,66.55841064453125
31162368,244.36012268066406
31178752,75.52803039550781
31195136,20.33047866821289
31211520,8.303067207336426
31227904,22.180679321289062
31244288,20.875431060791016
31260672,8.369331359863281
31277056,36.83659362792969
31293440,190.8056182861328
31309824,59.37411117553711
31326208,32.122474670410156
31342592,93.56372833251953
31358976,186.4205780029297
31375360,74.03598022460938
31391744,123.43572235107422
31408128,7.649028778076172
31424512,62.78529357910156
31440896,137.6964111328125
31457280,9.996419906616211
31473664,87.33289337158203
31490048,146.3311309814453
31506432,14.512681007385254
31522816,104.03483581542969
31539200,20.318729400634766
31555584,15.20149040222168
31571968,19.462947845458984
31588352,37.3855094909668
31604736,139.46775817871094
31621120,38.530723571777344
31637504,447.65478515625
31653888,10.848930358886719
31670272,36.8956413269043
31686656,168.76449584960938
31703040,43.91826248168945
31719424,63.48862075805664
31735808,55.960880279541016
31752192,96.98965454101562
31768576,185.21400451660156
31784960,29.040508270263672
31801344,27.385082244873047
31817728,12.454095840454102
31834112,61.667457580566406
31850496,192.0642547607422
31866880,247.73756408691406
31883264,116.1553726196289
31899648,12.469274520874023
31916032,19.995018005371094
31932416,163.5657958984375
31948800,163.62118530273438
31965184,164.96881103515625
31981568,276.47039794921875
31997952,81.39518737792969
32014336,23.00841522216797
32030720,17.933216094970703
32047104,106.44507598876953
32063488,93.89085388183594
32079872,9.715192794799805
32096256,27.908796310424805
32112640,36.8352165222168
32129024,229.12643432617188
32145408,116.59198760986328
32161792,148.50694274902344
32178176,24.037288665771484
32194560,178.7059783935547
32210944,22.970176696777344
32227328,33.93643569946289
32243712,105.75335693359375
32260096,18.78561019897461
32276480,69.76338958740234
32292864,142.6211395263672
32309248,41.651309967041016
32325632,23.536312103271484
32342016,15.602363586425781
32358400,26.209083557128906
32374784,6.106386661529541
32391168,197.8425750732422
32407552,86.09281921386719
32423936,97.58203125
32440320,120.40586853027344
32456704,35.32953643798828
32473088,10.266439437866211
32489472,8.448312759399414
32505856,20.747657775878906
32522240,62.189002990722656
32538624,379.19171142578125
32555008,113.53932189941406
32571392,150.45297241210938
32587776,34.52654266357422
32604160,9.11111068725586
32620544,238.53013610839844
32636928,97.67171478271484
32653312,179.8621826171875
32669696,58.869441986083984
32686080,8.231132507324219
32702464,15.68954849243164
32718848,161.79754638671875
32735232,251.53436279296875
32751616,205.34390258789062
32768000,151.57821655273438
32784384,10.037494659423828
32800768,46.73622512817383
32817152,80.56315612792969
32833536,248.44210815429688
32849920,39.48808670043945
32866304,11.96728801727295
32882688,22.878421783447266
32899072,6.926636695861816
32915456,20.558807373046875
32931840,114.50945281982422
32948224,106.19435119628906
32964608,48.52354431152344
32980992,34.68323516845703
32997376,13.313980102539062
33013760,21.352025985717773
33030144,31.271484375
33046528,56.42078399658203
33062912,408.7073059082031
33079296,10.717167854309082
33095680,123.10507202148438
33112064,55.309730529785156
33128448,149.96795654296875
33144832,260.81829833984375
33161216,59.54969024658203
33177600,173.67117309570312
33193984,62.64957809448242
33210368,16.544254302978516
33226752,97.04058074951172
33243136,23.714412689208984
33259520,237.9663543701172
33275904,44.25360870361328
33292288,224.92947387695312
33308672,48.859214782714844
33325056,138.92652893066406
33341440,73.79219055175781
33357824,10.564284324645996
33374208,33.8712043762207
33390592,242.43740844726562
33406976,238.24131774902344
33423360,129.49954223632812
33439744,9.079873085021973
33456128,13.323812484741211
33472512,24.010330200195312
33488896,16.518352508544922
33505280,10.039529800415039
33521664,47.531524658203125
33538048,228.40792846679688
33554432,371.6260681152344
33570816,75.7073745727539
33587200,20.944538116455078
33603584,81.39263153076172
33619968,8.140332221984863
33636352,35.672245025634766
33652736,13.393746376037598
33669120,21.997562408447266
33685504,16.55301284790039
33701888,92.60472106933594
33718272,101.61820983886719
33734656,187.55035400390625
33751040,240.23092651367188
33767424,18.247800827026367
33783808,6.7539472579956055
33800192,79.11992645263672
33816576,23.463672637939453
33832960,7.786007881164551
33849344,10.012654304504395
33865728,13.754471778869629
33882112,20.936630249023438
33898496,12.053762435913086
33914880,182.49574279785156
33931264,24.396434783935547
33947648,15.392024993896484
33964032,17.30213737487793
33980416,24.694549560546875
33996800,77.34121704101562
34013184,187.0003204345703
34029568,114.14904022216797
34045952,129.41796875
34062336,222.3584442138672
34078720,62.22221374511719
34095104,8.767210006713867
34111488,19.884262084960938
34127872,14.748908996582031
34144256,219.489013671875
34160640,53.929386138916016
34177024,15.837669372558594
34193408,205.14859008789062
34209792,124.0448989868164
34226176,72.76351928710938
34242560,208.91050720214844
34258944,88.96807861328125
34275328,25.577945709228516
34291712,20.011859893798828
34308096,19.357704162597656
34324480,37.448951721191406
34340864,115.12106323242188
34357248,218.37901306152344
34373632,163.04296875
34390016,27.830848693847656
34406400,335.53033447265625
34422784,28.418697357177734
34439168,81.06549072265625
34455552,135.53720092773438
34471936,11.233789443969727
34488320,78.0661849975586
34504704,70.73045349121094
34521088,16.338943481445312
34537472,43.78942108154297
34553856,22.83389663696289
34570240,194.94561767578125
34586624,149.72344970703125
34603008,36.39441680908203
34619392,196.31881713867188
34635776,14.989429473876953
34652160,285.30950927734375
34668544,118.41092681884766
34684928,19.084949493408203
34701312,130.2443084716797
34717696,52.7822380065918
34734080,84.62791442871094
34750464,189.10337829589844
34766848,101.59730529785156
34783232,178.18431091308594
34799616,29.74514389038086
34816000,50.55278015136719
34832384,223.03189086914062
34848768,418.1335144042969
34865152,72.70333862304688
34881536,99.37193298339844
34897920,28.695497512817383
34914304,139.4651336669922
34930688,10.873291015625
34947072,291.21881103515625
34963456,110.0732650756836
34979840,9.889938354492188
34996224,9.88064193725586
35012608,41.42142105102539
35028992,32.382774353027344
35045376,283.612060546875
35061760,38.91313934326172
35078144,165.63526916503906
35094528,93.05972290039062
35110912,78.70021057128906
35127296,187.1849822998047
35143680,315.34619140625
35160064,276.6479187011719
35176448,80.4195785522461
35192832,167.90438842773438
35209216,20.19717788696289
35225600,107.59878540039062
35241984,30.02985382080078
35258368,108.9773178100586
35274752,95.18692779541016
35291136,8.314284324645996
35307520,202.09730529785156
35323904,18.112504959106445
35340288,32.035560607910156
35356672,181.01910400390625
35373056,149.40333557128906
35389440,80.12948608398438
35405824,168.11929321289062
35422208,24.409603118896484
35438592,29.207704544067383
35454976,117.49763488769531
35471360,20.467166900634766
35487744,73.74304962158203
35504128,192.78326416015625
35520512,16.81745147705078
35536896,12.967101097106934
35553280,192.8102569580078
35569664,237.3203125
35586048,17.030717849731445
35602432,199.38987731933594
35618816,8.810490608215332
35635200,13.00651741027832
35651584,19.097347259521484
35667968,43.72480773925781
35684352,19.771068572998047
35700736,21.604755401611328
35717120,10.903668403625488
35733504,10.896392822265625
35749888,95.41319274902344
35766272,14.915754318237305
35782656,29.82215118408203
35799040,19.481014251708984
35815424,158.8939971923828
35831808,293.75274658203125
35848192,407.49713134765625
35864576,30.171630859375
35880960,157.8658447265625
35897344,15.96103572845459
35913728,121.74059295654297
35930112,113.26753234863281
35946496,33.598167419433594
35962880,101.8920669555664
35979264,135.00341796875
35995648,160.494140625
36012032,179.15298461914062
36028416,218.1533203125
36044800,8.305728912353516
36061184,27.0850830078125
36077568,8.221471786499023
36093952,89.29769897460938
36110336,217.37649536132812
36126720,517.0203857421875
36143104,127.82856750488281
36159488,108.0418472290039
36175872,151.0760040283203
36192256,92.38777160644531
36208640,52.06692123413086
36225024,153.6744384765625
36241408,85.15826416015625
36257792,161.5452423095703
36274176,40.726837158203125
36290560,9.082473754882812
36306944,11.069035530090332
36323328,88.52606201171875
36339712,9.743412017822266
36356096,8.830867767333984
36372480,22.956539154052734
36388864,26.989444732666016
36405248,44.698707580566406
36421632,157.92715454101562
36438016,15.202483177185059
36454400,374.2220153808594
36470784,211.16612243652344
36487168,24.89151382446289
36503552,15.197364807128906
36519936,39.14795684814453
36536320,49.033042907714844
36552704,7.4763875007629395
36569088,254.00437927246094
36585472,595.435302734375
36601856,133.0727081298828
36618240,90.0865478515625
36634624,95.42755126953125
36651008,272.1462097167969
36667392,11.974250793457031
36683776,211.84268188476562
36700160,135.17555236816406
36716544,93.3638687133789
36732928,10.803181648254395
36749312,204.18980407714844
36765696,52.67546844482422
36782080,88.36492156982422
36798464,14.397682189941406
36814848,42.34015655517578
36831232,96.00336456298828
36847616,7.194884300231934
36864000,13.71113395690918
36880384,10.326401710510254
36896768,31.881694793701172
36913152,80.5281753540039
36929536,168.49267578125
36945920,219.8852996826172
36962304,317.7180480957031
36978688,61.44798278808594
36995072,9.456376075744629
37011456,66.7638168334961
37027840,261.1947021484375
37044224,208.59140014648438
37060608,34.952415466308594
37076992,169.8444061279297
37093376,71.09100341796875
37109760,172.6998748779297
37126144,53.813262939453125
37142528,10.048240661621094
37158912,79.89928436279297
37175296,52.0362663269043
37191680,152.95489501953125
37208064,36.583621978759766
37224448,7.5407938957214355
37240832,235.5844268798828
37257216,298.90191650390625
37273600,7.667495250701904
37289984,22.2976131439209
37306368,16.94879150390625
37322752,126.14280700683594
37339136,160.65708923339844
37355520,101.12895202636719
37371904,84.11944580078125
37388288,382.01751708984375
37404672,13.711585998535156
37421056,113.76444244384766
37437440,152.35118103027344
37453824,117.1195297241211
37470208,30.46491241455078
37486592,142.41429138183594
37502976,15.44471549987793
37519360,240.1944580078125
37535744,103.75347900390625
37552128,94.19612121582031
37568512,9.194167137145996
37584896,630.7312622070312
37601280,43.06867599487305
37617664,105.63829803466797
37634048,199.75094604492188
37650432,70.85328674316406
37666816,63.00030517578125
37683200,14.780092239379883
37699584,51.270721435546875
37715968,8.028636932373047
37732352,103.3231430053711
37748736,205.0299072265625
37765120,82.74978637695312
37781504,65.1888198852539
37797888,50.19240951538086
37814272,18.186660766601562
37830656,6.899408340454102
37847040,16.016555786132812
37863424,63.298377990722656
37879808,32.54356384277344
37896192,34.50926208496094
37912576,84.23216247558594
37928960,42.70540237426758
37945344,144.63194274902344
37961728,143.54534912109375
37978112,31.63233757019043
37994496,154.58702087402344
38010880,4.366533279418945
38027264,44.306514739990234
38043648,12.292401313781738
38060032,75.21156311035156
38076416,12.540671348571777
38092800,161.49656677246094
38109184,259.61712646484375
38125568,31.575035095214844
38141952,63.67839431762695
38158336,18.00225830078125
38174720,135.81971740722656
38191104,22.617069244384766
38207488,13.196196556091309
38223872,153.9978790283203
38240256,209.2506561279297
38256640,27.41260528564453
38273024,11.690716743469238
38289408,122.39509582519531
38305792,62.92652893066406
38322176,317.5650634765625
38338560,212.82347106933594
38354944,33.30000305175781
38371328,282.1608581542969
38387712,139.3853759765625
38404096,442.4905700683594
38420480,73.21675872802734
38436864,55.0496826171875
38453248,10.43722915649414
38469632,23.527870178222656
38486016,42.120662689208984
38502400,133.8686981201172
38518784,47.960670471191406
38535168,118.71047973632812
38551552,30.499649047851562
38567936,138.69869995117188
38584320,49.64936828613281
38600704,22.802640914916992
38617088,81.84053802490234
38633472,58.76631546020508
38649856,187.43515014648438
38666240,185.32009887695312
38682624,131.73739624023438
38699008,35.03680419921875
38715392,196.1833953857422
38731776,55.16913986206055
38748160,19.33924102783203
38764544,21.043642044067383
38780928,25.882436752319336
38797312,42.33988952636719
38813696,62.264286041259766
38830080,178.09913635253906
38846464,182.42922973632812
38862848,12.028858184814453
38879232,8.873984336853027
38895616,127.37330627441406
38912000,67.98793029785156
38928384,233.8260498046875
38944768,17.476709365844727
38961152,153.42138671875
38977536,94.75791931152344
38993920,173.2840576171875
39010304,223.05235290527344
39026688,11.463017463684082
39043072,47.67732238769531
39059456,247.587158203125
39075840,11.41610050201416
39092224,10.338689804077148
39108608,39.90822219848633
39124992,6.178519248962402
39141376,147.2860107421875
39157760,253.62979125976562
39174144,15.01449203491211
39190528,113.92192077636719
39206912,12.881913185119629
39223296,107.84437561035156
39239680,56.25885009765625
39256064,77.25621795654297
39272448,147.064208984375
39288832,116.20169067382812
39305216,8.257309913635254
39321600,12.236237525939941
39337984,15.264625549316406
39354368,162.1898956298828
39370752,6.1680006980896
39387136,98.89616394042969
39403520,28.444011688232422
39419904,135.34518432617188
39436288,6.637696266174316
39452672,25.588260650634766
39469056,126.2675552368164
39485440,12.445301055908203
39501824,52.960723876953125
39518208,102.00350189208984
39534592,15.508506774902344
39550976,106.18167114257812
39567360,85.0849838256836
39583744,9.091755867004395
39600128,64.82128143310547
39616512,34.303306579589844
39632896,29.56544303894043
39649280,59.03900146484375
39665664,188.29232788085938
39682048,10.223078727722168
39698432,11.873191833496094
39714816,95.88359069824219
39731200,165.33897399902344
39747584,39.226192474365234
39763968,46.47056579589844
39780352,58.23519515991211
39796736,57.038265228271484
39813120,279.56982421875
39829504,15.711448669433594
39845888,31.8023624420166
39862272,162.05361938476562
39878656,110.84262084960938
39895040,165.03231811523438
39911424,63.78447341918945
39927808,135.04296875
39944192,32.807456970214844
39960576,148.62423706054688
39976960,142.52931213378906
39993344,154.34815979003906
